{
  "mu1": 0.00057,
  "mu2": 0.00370,
  "percent_change": 550.39,
  "tau": 174,
  "changepoint_date": "1988-03-08"
}
